{
  "name": "angular-touch",
  "version": "1.5.3",
  "license": "MIT",
  "main": "./angular-touch.js",
  "ignore": [],
  "dependencies": {
    "angular": "1.5.3"
  },
  "homepage": "https://github.com/angular/bower-angular-touch",
  "_release": "1.5.3",
  "_resolution": {
    "type": "version",
    "tag": "v1.5.3",
    "commit": "44a26a939d7d4af6f21132e32fde7a90c9dbe4e6"
  },
  "_source": "https://github.com/angular/bower-angular-touch.git",
  "_target": "~1.5.3",
  "_originalSource": "angular-touch",
  "_direct": true
}