<?xml version="1.0" encoding="UTF-8"?>

<configuration>
	<appender name="STDOUT" class="ch.qos.logback.core.ConsoleAppender">
		<encoder>
		  <pattern>%d{HH:mm:ss.SSS} [%thread] %-5level %logger{5} - %msg%n</pattern>
		</encoder>
	</appender>
	
	<appender name="FILE" class="ch.qos.logback.core.FileAppender">
        <layout class="ch.qos.logback.classic.PatternLayout">
            <pattern>%-4relative [%thread] %-5level %class - %msg%n</pattern>
        </layout>
        <file>ap.log</file>
    </appender>
		  
	<logger name="java.sql">
		<level value="DEBUG"/>
	</logger>
		
	<logger name="org.springframework">
		<level value="ERROR"/>
	</logger>
	
	<root level="DEBUG">          
		<appender-ref ref="STDOUT" />
		<appender-ref ref="FILE" />
	</root>    
</configuration>