{
  "name": "bootstrap-css-only",
  "description": "[Bootstrap](http://getbootstrap.com/) CSS and font libraries only. No javascript, and more importantly NO bower depenedency on jQuery.",
  "keywords": [
    "twitter",
    "bootstrap",
    "twitter-bootstrap",
    "css"
  ],
  "main": [
    "css/bootstrap.css",
    "fonts/glyphicons-halflings-regular.eot",
    "fonts/glyphicons-halflings-regular.svg",
    "fonts/glyphicons-halflings-regular.ttf",
    "fonts/glyphicons-halflings-regular.woff",
    "fonts/glyphicons-halflings-regular.woff2"
  ],
  "homepage": "http://getbootstrap.com/",
  "license": "MIT",
  "author": {
    "name": "Twitter Inc."
  },
  "repository": {
    "type": "git",
    "url": "git://github.com/fyockm/bootstrap-css-only.git"
  },
  "version": "3.3.6",
  "_release": "3.3.6",
  "_resolution": {
    "type": "version",
    "tag": "v3.3.6",
    "commit": "32aeb07f02dae31414d7e547d98f2aeaf40bd47e"
  },
  "_source": "https://github.com/fyockm/bootstrap-css-only.git",
  "_target": "~3.3.6",
  "_originalSource": "bootstrap-css-only"
}